ID,PhotoID,AlbumID,FileName,Caption,DirectoryName,FullPath,URL,Size,SearchText,IsPublic,DateCreated,DateUpdated
1,1,1,I Didn't Do It.jpg,I Didn't Do It,gallowaytechAngularJs\Photos\Thumb,,http://gallowaytech.com/gallowaytechAngularJs/Photos/Thumb/I Didn't Do It.jpg,Thumb,Buddy,TRUE,6/4/2018 20:44,6/4/2018 22:27
2,2,1,Running.jpg,Running,gallowaytechAngularJs\Photos\Thumb,,http://gallowaytech.com/gallowaytechAngularJs/Photos/Thumb/Running.jpg,Thumb,Tacoma,TRUE,6/4/2018 20:44,6/4/2018 22:27
3,3,1,Handout.jpg,Handout,gallowaytechAngularJs\Photos\Thumb,,http://gallowaytech.com/gallowaytechAngularJs/Photos/Thumb/Handout.jpg,Thumb,Buddy Tacoma,TRUE,6/4/2018 20:44,6/4/2018 22:27
4,4,1,My Couch.jpg,My Couch,gallowaytechAngularJs\Photos\Thumb,,http://gallowaytech.com/gallowaytechAngularJs/Photos/Thumb/My Couch.jpg,Thumb,Buddy,TRUE,6/4/2018 20:44,6/4/2018 22:27
5,5,1,Our Mascot Buddy.jpg,Our Mascot Buddy,gallowaytechAngularJs\Photos\Thumb,,http://gallowaytech.com/gallowaytechAngularJs/Photos/Thumb/Our Mascot Buddy.jpg,Thumb,Buddy,TRUE,6/4/2018 20:44,6/4/2018 22:27
6,6,1,Friends.jpg,Friends,gallowaytechAngularJs\Photos\Thumb,,http://gallowaytech.com/gallowaytechAngularJs/Photos/Thumb/Friends.jpg,Thumb,Buddy Tacoma,TRUE,6/4/2018 20:44,6/4/2018 22:27
7,7,1,Running Around the Deck.jpg,Running Around the Deck,gallowaytechAngularJs\Photos\Thumb,,http://gallowaytech.com/gallowaytechAngularJs/Photos/Thumb/Running Around the Deck.jpg,Thumb,Buddy Tacoma,TRUE,6/4/2018 20:44,6/4/2018 22:27
8,8,2,First Day in Peru.jpg,First Day in Peru,gallowaytechAngularJs\Photos\Thumb,,http://gallowaytech.com/gallowaytechAngularJs/Photos/Thumb/First Day in Peru.jpg,Thumb,Peru,TRUE,6/4/2018 20:44,6/4/2018 22:27
9,9,2,Kinda Blurry Shot of My Brother.jpg,Kinda Blurry Shot of My Brother,gallowaytechAngularJs\Photos\Thumb,,http://gallowaytech.com/gallowaytechAngularJs/Photos/Thumb/Kinda Blurry Shot of My Brother.jpg,Thumb,Peru,TRUE,6/4/2018 20:44,6/4/2018 22:27
10,10,2,McDonalds in Peru....jpg,McDonalds in Peru...,gallowaytechAngularJs\Photos\Thumb,,http://gallowaytech.com/gallowaytechAngularJs/Photos/Thumb/McDonalds in Peru....jpg,Thumb,Peru,TRUE,6/4/2018 20:44,6/4/2018 22:27
11,11,2,Fountains at Night.jpg,Fountains at Night,gallowaytechAngularJs\Photos\Thumb,,http://gallowaytech.com/gallowaytechAngularJs/Photos/Thumb/Fountains at Night.jpg,Thumb,Peru,TRUE,6/4/2018 20:44,6/4/2018 22:27
12,12,2,Peruvian Ice Cream Vendor.jpg,Peruvian Ice Cream Vendor,gallowaytechAngularJs\Photos\Thumb,,http://gallowaytech.com/gallowaytechAngularJs/Photos/Thumb/Peruvian Ice Cream Vendor.jpg,Thumb,Peru,TRUE,6/4/2018 20:44,6/4/2018 22:27
13,13,2,Natural Salt Farmers.jpg,Natural Salt Farmers,gallowaytechAngularJs\Photos\Thumb,,http://gallowaytech.com/gallowaytechAngularJs/Photos/Thumb/Natural Salt Farmers.jpg,Thumb,Peru,TRUE,6/4/2018 20:44,6/4/2018 22:27
14,14,2,Shannon and Donkeys Hauling Salt Bags.jpg,Shannon and Donkeys Hauling Salt Bags,gallowaytechAngularJs\Photos\Thumb,,http://gallowaytech.com/gallowaytechAngularJs/Photos/Thumb/Shannon and Donkeys Hauling Salt Bags.jpg,Thumb,Peru,TRUE,6/4/2018 20:44,6/4/2018 22:27
15,15,2,Welcome to Machupicchu.jpg,Welcome to Machupicchu,gallowaytechAngularJs\Photos\Thumb,,http://gallowaytech.com/gallowaytechAngularJs/Photos/Thumb/Welcome to Machupicchu.jpg,Thumb,Peru,TRUE,6/4/2018 20:44,6/4/2018 22:27
16,16,2,Machupicchu and Us.jpg,Machupicchu and Us,gallowaytechAngularJs\Photos\Thumb,,http://gallowaytech.com/gallowaytechAngularJs/Photos/Thumb/Machupicchu and Us.jpg,Thumb,Peru,TRUE,6/4/2018 20:44,6/4/2018 22:27
17,17,2,Water Bottle and Peruvian Mountains.jpg,Water Bottle and Peruvian Mountains,gallowaytechAngularJs\Photos\Thumb,,http://gallowaytech.com/gallowaytechAngularJs/Photos/Thumb/Water Bottle and Peruvian Mountains.jpg,Thumb,Peru,TRUE,6/4/2018 20:44,6/4/2018 22:27
18,18,2,Water Bottle and Machupicchu.jpg,Water Bottle and Machupicchu,gallowaytechAngularJs\Photos\Thumb,,http://gallowaytech.com/gallowaytechAngularJs/Photos/Thumb/Water Bottle and Machupicchu.jpg,Thumb,Peru,TRUE,6/4/2018 20:44,6/4/2018 22:27
19,19,2,Patio at Our Hostel.jpg,Patio at Our Hostel,gallowaytechAngularJs\Photos\Thumb,,http://gallowaytech.com/gallowaytechAngularJs/Photos/Thumb/Patio at Our Hostel.jpg,Thumb,Peru,TRUE,6/4/2018 20:44,6/4/2018 22:27
20,20,2,Local Cuisine.jpg,Local Cuisine,gallowaytechAngularJs\Photos\Thumb,,http://gallowaytech.com/gallowaytechAngularJs/Photos/Thumb/Local Cuisine.jpg,Thumb,Peru,TRUE,6/4/2018 20:44,6/4/2018 22:27
21,21,2,Traveling Can be Tiring.jpg,Traveling Can be Tiring,gallowaytechAngularJs\Photos\Thumb,,http://gallowaytech.com/gallowaytechAngularJs/Photos/Thumb/Traveling Can be Tiring.jpg,Thumb,Peru,TRUE,6/4/2018 20:44,6/4/2018 22:27
22,22,2,Traveling Can be Tiring 2.jpg,Traveling Can be Tiring 2,gallowaytechAngularJs\Photos\Thumb,,http://gallowaytech.com/gallowaytechAngularJs/Photos/Thumb/Traveling Can be Tiring 2.jpg,Thumb,Peru,TRUE,6/4/2018 20:44,6/4/2018 22:27
23,23,2,Back Home.jpg,Back Home,gallowaytechAngularJs\Photos\Thumb,,http://gallowaytech.com/gallowaytechAngularJs/Photos/Thumb/Back Home.jpg,Thumb,Peru,TRUE,6/4/2018 20:44,6/4/2018 22:27
24,24,2,The End.jpg,The End,gallowaytechAngularJs\Photos\Thumb,,http://gallowaytech.com/gallowaytechAngularJs/Photos/Thumb/The End.jpg,Thumb,Peru,TRUE,6/4/2018 20:44,6/4/2018 22:27
25,25,3,Waiting for the Show.jpg,Waiting for the Show,gallowaytechAngularJs\Photos\Thumb,,http://gallowaytech.com/gallowaytechAngularJs/Photos/Thumb/Waiting for the Show.jpg,Thumb,San Francisco Air Show,TRUE,6/4/2018 20:44,6/4/2018 22:27
26,26,3,Cloudy Golden Gate Bridge.jpg,Cloudy Golden Gate Bridge,gallowaytechAngularJs\Photos\Thumb,,http://gallowaytech.com/gallowaytechAngularJs/Photos/Thumb/Cloudy Golden Gate Bridge.jpg,Thumb,San Francisco Air Show,TRUE,6/4/2018 20:44,6/4/2018 22:27
27,27,3,Cloudy Golden Gate Bridge 2.jpg,Cloudy Golden Gate Bridge 2,gallowaytechAngularJs\Photos\Thumb,,http://gallowaytech.com/gallowaytechAngularJs/Photos/Thumb/Cloudy Golden Gate Bridge 2.jpg,Thumb,San Francisco Air Show,TRUE,6/4/2018 20:44,6/4/2018 22:27
28,28,3,About to go Under.jpg,About to go Under,gallowaytechAngularJs\Photos\Thumb,,http://gallowaytech.com/gallowaytechAngularJs/Photos/Thumb/About to go Under.jpg,Thumb,San Francisco Air Show,TRUE,6/4/2018 20:44,6/4/2018 22:27
29,29,3,Under the Golden Gate Bridge.jpg,Under the Golden Gate Bridge,gallowaytechAngularJs\Photos\Thumb,,http://gallowaytech.com/gallowaytechAngularJs/Photos/Thumb/Under the Golden Gate Bridge.jpg,Thumb,San Francisco Air Show,TRUE,6/4/2018 20:44,6/4/2018 22:27
30,30,3,Under the Golden Gate Bridge 2.jpg,Under the Golden Gate Bridge 2,gallowaytechAngularJs\Photos\Thumb,,http://gallowaytech.com/gallowaytechAngularJs/Photos/Thumb/Under the Golden Gate Bridge 2.jpg,Thumb,San Francisco Air Show,TRUE,6/4/2018 20:44,6/4/2018 22:27
31,31,3,US Nuclear Powered Air Craft Carrier.jpg,US Nuclear Powered Air Craft Carrier,gallowaytechAngularJs\Photos\Thumb,,http://gallowaytech.com/gallowaytechAngularJs/Photos/Thumb/US Nuclear Powered Air Craft Carrier.jpg,Thumb,San Francisco Air Show,TRUE,6/4/2018 20:44,6/4/2018 22:27
32,32,3,US Nuclear Powered Air Craft Carrier 2.jpg,US Nuclear Powered Air Craft Carrier 2,gallowaytechAngularJs\Photos\Thumb,,http://gallowaytech.com/gallowaytechAngularJs/Photos/Thumb/US Nuclear Powered Air Craft Carrier 2.jpg,Thumb,San Francisco Air Show,TRUE,6/4/2018 20:44,6/4/2018 22:27
33,33,3,Going Back Under.jpg,Going Back Under,gallowaytechAngularJs\Photos\Thumb,,http://gallowaytech.com/gallowaytechAngularJs/Photos/Thumb/Going Back Under.jpg,Thumb,San Francisco Air Show,TRUE,6/4/2018 20:44,6/4/2018 22:27
34,34,3,Going Back Under 2.jpg,Going Back Under 2,gallowaytechAngularJs\Photos\Thumb,,http://gallowaytech.com/gallowaytechAngularJs/Photos/Thumb/Going Back Under 2.jpg,Thumb,San Francisco Air Show,TRUE,6/4/2018 20:44,6/4/2018 22:27
35,35,3,Going Under With Shan.jpg,Going Under With Shan,gallowaytechAngularJs\Photos\Thumb,,http://gallowaytech.com/gallowaytechAngularJs/Photos/Thumb/Going Under With Shan.jpg,Thumb,San Francisco Air Show,TRUE,6/4/2018 20:44,6/4/2018 22:27
36,36,3,Going Under With Shan 2.jpg,Going Under With Shan 2,gallowaytechAngularJs\Photos\Thumb,,http://gallowaytech.com/gallowaytechAngularJs/Photos/Thumb/Going Under With Shan 2.jpg,Thumb,San Francisco Air Show,TRUE,6/4/2018 20:44,6/4/2018 22:27
37,37,3,Back on the Bay Side.jpg,Back on the Bay Side,gallowaytechAngularJs\Photos\Thumb,,http://gallowaytech.com/gallowaytechAngularJs/Photos/Thumb/Back on the Bay Side.jpg,Thumb,San Francisco Air Show,TRUE,6/4/2018 20:44,6/4/2018 22:27
38,38,3,Waiting for the Show in Front of Alcatraz.jpg,Waiting for the Show in Front of Alcatraz,gallowaytechAngularJs\Photos\Thumb,,http://gallowaytech.com/gallowaytechAngularJs/Photos/Thumb/Waiting for the Show in Front of Alcatraz.jpg,Thumb,San Francisco Air Show,TRUE,6/4/2018 20:44,6/4/2018 22:27
39,39,3,Show Begins.jpg,Show Begins,gallowaytechAngularJs\Photos\Thumb,,http://gallowaytech.com/gallowaytechAngularJs/Photos/Thumb/Show Begins.jpg,Thumb,San Francisco Air Show,TRUE,6/4/2018 20:44,6/4/2018 22:27
40,40,3,Sky Writing by San Fran.jpg,Sky Writing by San Fran,gallowaytechAngularJs\Photos\Thumb,,http://gallowaytech.com/gallowaytechAngularJs/Photos/Thumb/Sky Writing by San Fran.jpg,Thumb,San Francisco Air Show,TRUE,6/4/2018 20:44,6/4/2018 22:27
41,41,3,Coke by the Bay.jpg,Coke by the Bay,gallowaytechAngularJs\Photos\Thumb,,http://gallowaytech.com/gallowaytechAngularJs/Photos/Thumb/Coke by the Bay.jpg,Thumb,San Francisco Air Show,TRUE,6/4/2018 20:44,6/4/2018 22:27
42,42,3,The Show Begins.jpg,The Show Begins,gallowaytechAngularJs\Photos\Thumb,,http://gallowaytech.com/gallowaytechAngularJs/Photos/Thumb/The Show Begins.jpg,Thumb,San Francisco Air Show,TRUE,6/4/2018 20:44,6/4/2018 22:27
43,43,3,Aerial Loop.jpg,Aerial Loop,gallowaytechAngularJs\Photos\Thumb,,http://gallowaytech.com/gallowaytechAngularJs/Photos/Thumb/Aerial Loop.jpg,Thumb,San Francisco Air Show,TRUE,6/4/2018 20:44,6/4/2018 22:27
44,44,3,In Formation.jpg,In Formation,gallowaytechAngularJs\Photos\Thumb,,http://gallowaytech.com/gallowaytechAngularJs/Photos/Thumb/In Formation.jpg,Thumb,San Francisco Air Show,TRUE,6/4/2018 20:44,6/4/2018 22:27
45,45,3,In Formation Upside Down.jpg,In Formation Upside Down,gallowaytechAngularJs\Photos\Thumb,,http://gallowaytech.com/gallowaytechAngularJs/Photos/Thumb/In Formation Upside Down.jpg,Thumb,San Francisco Air Show,TRUE,6/4/2018 20:44,6/4/2018 22:27
46,46,3,In Formation with Smoke Trails.jpg,In Formation with Smoke Trails,gallowaytechAngularJs\Photos\Thumb,,http://gallowaytech.com/gallowaytechAngularJs/Photos/Thumb/In Formation with Smoke Trails.jpg,Thumb,San Francisco Air Show,TRUE,6/4/2018 20:44,6/4/2018 22:27
47,47,3,In Formation with Smoke Trails 2.jpg,In Formation with Smoke Trails 2,gallowaytechAngularJs\Photos\Thumb,,http://gallowaytech.com/gallowaytechAngularJs/Photos/Thumb/In Formation with Smoke Trails 2.jpg,Thumb,San Francisco Air Show,TRUE,6/4/2018 20:44,6/4/2018 22:27
48,48,3,In Formation with Smoke Trails 3.jpg,In Formation with Smoke Trails 3,gallowaytechAngularJs\Photos\Thumb,,http://gallowaytech.com/gallowaytechAngularJs/Photos/Thumb/In Formation with Smoke Trails 3.jpg,Thumb,San Francisco Air Show,TRUE,6/4/2018 20:44,6/4/2018 22:27
49,49,3,B-2 Stealth Bomber.jpg,B-2 Stealth Bomber,gallowaytechAngularJs\Photos\Thumb,,http://gallowaytech.com/gallowaytechAngularJs/Photos/Thumb/B-2 Stealth Bomber.jpg,Thumb,San Francisco Air Show,TRUE,6/4/2018 20:44,6/4/2018 22:27
50,50,3,Canadian Snow Birds in Formation over Alcatraz.jpg,Canadian Snow Birds in Formation over Alcatraz,gallowaytechAngularJs\Photos\Thumb,,http://gallowaytech.com/gallowaytechAngularJs/Photos/Thumb/Canadian Snow Birds in Formation over Alcatraz.jpg,Thumb,San Francisco Air Show,TRUE,6/4/2018 20:44,6/4/2018 22:27
51,51,3,Aerial Loop in Formation.jpg,Aerial Loop in Formation,gallowaytechAngularJs\Photos\Thumb,,http://gallowaytech.com/gallowaytechAngularJs/Photos/Thumb/Aerial Loop in Formation.jpg,Thumb,San Francisco Air Show,TRUE,6/4/2018 20:44,6/4/2018 22:27
52,52,3,Aerial Loop in Formation 2.jpg,Aerial Loop in Formation 2,gallowaytechAngularJs\Photos\Thumb,,http://gallowaytech.com/gallowaytechAngularJs/Photos/Thumb/Aerial Loop in Formation 2.jpg,Thumb,San Francisco Air Show,TRUE,6/4/2018 20:44,6/4/2018 22:27
53,53,3,Aerial Loop in Formation 3.jpg,Aerial Loop in Formation 3,gallowaytechAngularJs\Photos\Thumb,,http://gallowaytech.com/gallowaytechAngularJs/Photos/Thumb/Aerial Loop in Formation 3.jpg,Thumb,San Francisco Air Show,TRUE,6/4/2018 20:44,6/4/2018 22:27
54,54,3,Blue Angel Passing Over Our Ship.jpg,Blue Angel Passing Over Our Ship,gallowaytechAngularJs\Photos\Thumb,,http://gallowaytech.com/gallowaytechAngularJs/Photos/Thumb/Blue Angel Passing Over Our Ship.jpg,Thumb,San Francisco Air Show,TRUE,6/4/2018 20:44,6/4/2018 22:27
55,55,3,Blue Angel Passing Over Our Ship 2.jpg,Blue Angel Passing Over Our Ship 2,gallowaytechAngularJs\Photos\Thumb,,http://gallowaytech.com/gallowaytechAngularJs/Photos/Thumb/Blue Angel Passing Over Our Ship 2.jpg,Thumb,San Francisco Air Show,TRUE,6/4/2018 20:44,6/4/2018 22:27
56,56,3,Blue Angels Passing Over Our Ship.jpg,Blue Angels Passing Over Our Ship,gallowaytechAngularJs\Photos\Thumb,,http://gallowaytech.com/gallowaytechAngularJs/Photos/Thumb/Blue Angels Passing Over Our Ship.jpg,Thumb,San Francisco Air Show,TRUE,6/4/2018 20:44,6/4/2018 22:27
57,57,3,Shows Over.jpg,Shows Over,gallowaytechAngularJs\Photos\Thumb,,http://gallowaytech.com/gallowaytechAngularJs/Photos/Thumb/Shows Over.jpg,Thumb,San Francisco Air Show,TRUE,6/4/2018 20:44,6/4/2018 22:27
58,58,4,Welcome to Death Valley.jpg,Welcome to Death Valley,gallowaytechAngularJs\Photos\Thumb,,http://gallowaytech.com/gallowaytechAngularJs/Photos/Thumb/Welcome to Death Valley.jpg,Thumb,Death Valley,TRUE,6/4/2018 20:44,6/4/2018 22:27
59,59,4,First Stop - Badlands.jpg,First Stop - Badlands,gallowaytechAngularJs\Photos\Thumb,,http://gallowaytech.com/gallowaytechAngularJs/Photos/Thumb/First Stop - Badlands.jpg,Thumb,Death Valley,TRUE,6/4/2018 20:44,6/4/2018 22:27
60,60,4,Badlands One.jpg,Badlands One,gallowaytechAngularJs\Photos\Thumb,,http://gallowaytech.com/gallowaytechAngularJs/Photos/Thumb/Badlands One.jpg,Thumb,Death Valley,TRUE,6/4/2018 20:44,6/4/2018 22:27
61,61,4,Badlands Two.jpg,Badlands Two,gallowaytechAngularJs\Photos\Thumb,,http://gallowaytech.com/gallowaytechAngularJs/Photos/Thumb/Badlands Two.jpg,Thumb,Death Valley,TRUE,6/4/2018 20:44,6/4/2018 22:27
62,62,4,Badlands Three.jpg,Badlands Three,gallowaytechAngularJs\Photos\Thumb,,http://gallowaytech.com/gallowaytechAngularJs/Photos/Thumb/Badlands Three.jpg,Thumb,Death Valley,TRUE,6/4/2018 20:44,6/4/2018 22:27
63,63,4,Badlands Four.jpg,Badlands Four,gallowaytechAngularJs\Photos\Thumb,,http://gallowaytech.com/gallowaytechAngularJs/Photos/Thumb/Badlands Four.jpg,Thumb,Death Valley,TRUE,6/4/2018 20:44,6/4/2018 22:27
64,64,4,Badlands Parking Lot.jpg,Badlands Parking Lot,gallowaytechAngularJs\Photos\Thumb,,http://gallowaytech.com/gallowaytechAngularJs/Photos/Thumb/Badlands Parking Lot.jpg,Thumb,Death Valley,TRUE,6/4/2018 20:44,6/4/2018 22:27
65,65,4,Zabriskie Point.jpg,Zabriskie Point,gallowaytechAngularJs\Photos\Thumb,,http://gallowaytech.com/gallowaytechAngularJs/Photos/Thumb/Zabriskie Point.jpg,Thumb,Death Valley,TRUE,6/4/2018 20:44,6/4/2018 22:27
66,66,4,Zabriskie Point One.jpg,Zabriskie Point One,gallowaytechAngularJs\Photos\Thumb,,http://gallowaytech.com/gallowaytechAngularJs/Photos/Thumb/Zabriskie Point One.jpg,Thumb,Death Valley,TRUE,6/4/2018 20:44,6/4/2018 22:27
67,67,4,Zabriskie Point Two.jpg,Zabriskie Point Two,gallowaytechAngularJs\Photos\Thumb,,http://gallowaytech.com/gallowaytechAngularJs/Photos/Thumb/Zabriskie Point Two.jpg,Thumb,Death Valley,TRUE,6/4/2018 20:44,6/4/2018 22:27
68,68,4,Zabriskie Point Thumb.jpg,Zabriskie Point Thumb,gallowaytechAngularJs\Photos\Thumb,,http://gallowaytech.com/gallowaytechAngularJs/Photos/Thumb/Zabriskie Point Thumb.jpg,Thumb,Death Valley,TRUE,6/4/2018 20:44,6/4/2018 22:27
69,69,4,Driving.jpg,Driving,gallowaytechAngularJs\Photos\Thumb,,http://gallowaytech.com/gallowaytechAngularJs/Photos/Thumb/Driving.jpg,Thumb,Death Valley,TRUE,6/4/2018 20:44,6/4/2018 22:27
70,1,1,I Didn't Do It.jpg,I Didn't Do It,gallowaytechAngularJs\Photos\Poster,,http://gallowaytech.com/gallowaytechAngularJs/Photos/Poster/I Didn't Do It.jpg,Poster,Buddy,TRUE,6/4/2018 20:44,6/4/2018 22:27
71,2,1,Running.jpg,Running,gallowaytechAngularJs\Photos\Poster,,http://gallowaytech.com/gallowaytechAngularJs/Photos/Poster/Running.jpg,Poster,Tacoma,TRUE,6/4/2018 20:44,6/4/2018 22:27
72,3,1,Handout.jpg,Handout,gallowaytechAngularJs\Photos\Poster,,http://gallowaytech.com/gallowaytechAngularJs/Photos/Poster/Handout.jpg,Poster,Buddy Tacoma,TRUE,6/4/2018 20:44,6/4/2018 22:27
73,4,1,My Couch.jpg,My Couch,gallowaytechAngularJs\Photos\Poster,,http://gallowaytech.com/gallowaytechAngularJs/Photos/Poster/My Couch.jpg,Poster,Buddy,TRUE,6/4/2018 20:44,6/4/2018 22:27
74,5,1,Our Mascot Buddy.jpg,Our Mascot Buddy,gallowaytechAngularJs\Photos\Poster,,http://gallowaytech.com/gallowaytechAngularJs/Photos/Poster/Our Mascot Buddy.jpg,Poster,Buddy,TRUE,6/4/2018 20:44,6/4/2018 22:27
75,6,1,Friends.jpg,Friends,gallowaytechAngularJs\Photos\Poster,,http://gallowaytech.com/gallowaytechAngularJs/Photos/Poster/Friends.jpg,Poster,Buddy Tacoma,TRUE,6/4/2018 20:44,6/4/2018 22:27
76,7,1,Running Around the Deck.jpg,Running Around the Deck,gallowaytechAngularJs\Photos\Poster,,http://gallowaytech.com/gallowaytechAngularJs/Photos/Poster/Running Around the Deck.jpg,Poster,Buddy Tacoma,TRUE,6/4/2018 20:44,6/4/2018 22:27
77,8,2,First Day in Peru.jpg,First Day in Peru,gallowaytechAngularJs\Photos\Poster,,http://gallowaytech.com/gallowaytechAngularJs/Photos/Poster/First Day in Peru.jpg,Poster,Peru,TRUE,6/4/2018 20:44,6/4/2018 22:27
78,9,2,Kinda Blurry Shot of My Brother.jpg,Kinda Blurry Shot of My Brother,gallowaytechAngularJs\Photos\Poster,,http://gallowaytech.com/gallowaytechAngularJs/Photos/Poster/Kinda Blurry Shot of My Brother.jpg,Poster,Peru,TRUE,6/4/2018 20:44,6/4/2018 22:27
79,10,2,McDonalds in Peru....jpg,McDonalds in Peru...,gallowaytechAngularJs\Photos\Poster,,http://gallowaytech.com/gallowaytechAngularJs/Photos/Poster/McDonalds in Peru....jpg,Poster,Peru,TRUE,6/4/2018 20:44,6/4/2018 22:27
80,11,2,Fountains at Night.jpg,Fountains at Night,gallowaytechAngularJs\Photos\Poster,,http://gallowaytech.com/gallowaytechAngularJs/Photos/Poster/Fountains at Night.jpg,Poster,Peru,TRUE,6/4/2018 20:44,6/4/2018 22:27
81,12,2,Peruvian Ice Cream Vendor.jpg,Peruvian Ice Cream Vendor,gallowaytechAngularJs\Photos\Poster,,http://gallowaytech.com/gallowaytechAngularJs/Photos/Poster/Peruvian Ice Cream Vendor.jpg,Poster,Peru,TRUE,6/4/2018 20:44,6/4/2018 22:27
82,13,2,Natural Salt Farmers.jpg,Natural Salt Farmers,gallowaytechAngularJs\Photos\Poster,,http://gallowaytech.com/gallowaytechAngularJs/Photos/Poster/Natural Salt Farmers.jpg,Poster,Peru,TRUE,6/4/2018 20:44,6/4/2018 22:27
83,14,2,Shannon and Donkeys Hauling Salt Bags.jpg,Shannon and Donkeys Hauling Salt Bags,gallowaytechAngularJs\Photos\Poster,,http://gallowaytech.com/gallowaytechAngularJs/Photos/Poster/Shannon and Donkeys Hauling Salt Bags.jpg,Poster,Peru,TRUE,6/4/2018 20:44,6/4/2018 22:27
84,15,2,Welcome to Machupicchu.jpg,Welcome to Machupicchu,gallowaytechAngularJs\Photos\Poster,,http://gallowaytech.com/gallowaytechAngularJs/Photos/Poster/Welcome to Machupicchu.jpg,Poster,Peru,TRUE,6/4/2018 20:44,6/4/2018 22:27
85,16,2,Machupicchu and Us.jpg,Machupicchu and Us,gallowaytechAngularJs\Photos\Poster,,http://gallowaytech.com/gallowaytechAngularJs/Photos/Poster/Machupicchu and Us.jpg,Poster,Peru,TRUE,6/4/2018 20:44,6/4/2018 22:27
86,17,2,Water Bottle and Peruvian Mountains.jpg,Water Bottle and Peruvian Mountains,gallowaytechAngularJs\Photos\Poster,,http://gallowaytech.com/gallowaytechAngularJs/Photos/Poster/Water Bottle and Peruvian Mountains.jpg,Poster,Peru,TRUE,6/4/2018 20:44,6/4/2018 22:27
87,18,2,Water Bottle and Machupicchu.jpg,Water Bottle and Machupicchu,gallowaytechAngularJs\Photos\Poster,,http://gallowaytech.com/gallowaytechAngularJs/Photos/Poster/Water Bottle and Machupicchu.jpg,Poster,Peru,TRUE,6/4/2018 20:44,6/4/2018 22:27
88,19,2,Patio at Our Hostel.jpg,Patio at Our Hostel,gallowaytechAngularJs\Photos\Poster,,http://gallowaytech.com/gallowaytechAngularJs/Photos/Poster/Patio at Our Hostel.jpg,Poster,Peru,TRUE,6/4/2018 20:44,6/4/2018 22:27
89,20,2,Local Cuisine.jpg,Local Cuisine,gallowaytechAngularJs\Photos\Poster,,http://gallowaytech.com/gallowaytechAngularJs/Photos/Poster/Local Cuisine.jpg,Poster,Peru,TRUE,6/4/2018 20:44,6/4/2018 22:27
90,21,2,Traveling Can be Tiring.jpg,Traveling Can be Tiring,gallowaytechAngularJs\Photos\Poster,,http://gallowaytech.com/gallowaytechAngularJs/Photos/Poster/Traveling Can be Tiring.jpg,Poster,Peru,TRUE,6/4/2018 20:44,6/4/2018 22:27
91,22,2,Traveling Can be Tiring 2.jpg,Traveling Can be Tiring 2,gallowaytechAngularJs\Photos\Poster,,http://gallowaytech.com/gallowaytechAngularJs/Photos/Poster/Traveling Can be Tiring 2.jpg,Poster,Peru,TRUE,6/4/2018 20:44,6/4/2018 22:27
92,23,2,Back Home.jpg,Back Home,gallowaytechAngularJs\Photos\Poster,,http://gallowaytech.com/gallowaytechAngularJs/Photos/Poster/Back Home.jpg,Poster,Peru,TRUE,6/4/2018 20:44,6/4/2018 22:27
93,24,2,The End.jpg,The End,gallowaytechAngularJs\Photos\Poster,,http://gallowaytech.com/gallowaytechAngularJs/Photos/Poster/The End.jpg,Poster,Peru,TRUE,6/4/2018 20:44,6/4/2018 22:27
94,25,3,Waiting for the Show.jpg,Waiting for the Show,gallowaytechAngularJs\Photos\Poster,,http://gallowaytech.com/gallowaytechAngularJs/Photos/Poster/Waiting for the Show.jpg,Poster,San Francisco Air Show,TRUE,6/4/2018 20:44,6/4/2018 22:27
95,26,3,Cloudy Golden Gate Bridge.jpg,Cloudy Golden Gate Bridge,gallowaytechAngularJs\Photos\Poster,,http://gallowaytech.com/gallowaytechAngularJs/Photos/Poster/Cloudy Golden Gate Bridge.jpg,Poster,San Francisco Air Show,TRUE,6/4/2018 20:44,6/4/2018 22:27
96,27,3,Cloudy Golden Gate Bridge 2.jpg,Cloudy Golden Gate Bridge 2,gallowaytechAngularJs\Photos\Poster,,http://gallowaytech.com/gallowaytechAngularJs/Photos/Poster/Cloudy Golden Gate Bridge 2.jpg,Poster,San Francisco Air Show,TRUE,6/4/2018 20:44,6/4/2018 22:27
97,28,3,About to go Under.jpg,About to go Under,gallowaytechAngularJs\Photos\Poster,,http://gallowaytech.com/gallowaytechAngularJs/Photos/Poster/About to go Under.jpg,Poster,San Francisco Air Show,TRUE,6/4/2018 20:44,6/4/2018 22:27
98,29,3,Under the Golden Gate Bridge.jpg,Under the Golden Gate Bridge,gallowaytechAngularJs\Photos\Poster,,http://gallowaytech.com/gallowaytechAngularJs/Photos/Poster/Under the Golden Gate Bridge.jpg,Poster,San Francisco Air Show,TRUE,6/4/2018 20:44,6/4/2018 22:27
99,30,3,Under the Golden Gate Bridge 2.jpg,Under the Golden Gate Bridge 2,gallowaytechAngularJs\Photos\Poster,,http://gallowaytech.com/gallowaytechAngularJs/Photos/Poster/Under the Golden Gate Bridge 2.jpg,Poster,San Francisco Air Show,TRUE,6/4/2018 20:44,6/4/2018 22:27
100,31,3,US Nuclear Powered Air Craft Carrier.jpg,US Nuclear Powered Air Craft Carrier,gallowaytechAngularJs\Photos\Poster,,http://gallowaytech.com/gallowaytechAngularJs/Photos/Poster/US Nuclear Powered Air Craft Carrier.jpg,Poster,San Francisco Air Show,TRUE,6/4/2018 20:44,6/4/2018 22:27
101,32,3,US Nuclear Powered Air Craft Carrier 2.jpg,US Nuclear Powered Air Craft Carrier 2,gallowaytechAngularJs\Photos\Poster,,http://gallowaytech.com/gallowaytechAngularJs/Photos/Poster/US Nuclear Powered Air Craft Carrier 2.jpg,Poster,San Francisco Air Show,TRUE,6/4/2018 20:44,6/4/2018 22:27
102,33,3,Going Back Under.jpg,Going Back Under,gallowaytechAngularJs\Photos\Poster,,http://gallowaytech.com/gallowaytechAngularJs/Photos/Poster/Going Back Under.jpg,Poster,San Francisco Air Show,TRUE,6/4/2018 20:44,6/4/2018 22:27
103,34,3,Going Back Under 2.jpg,Going Back Under 2,gallowaytechAngularJs\Photos\Poster,,http://gallowaytech.com/gallowaytechAngularJs/Photos/Poster/Going Back Under 2.jpg,Poster,San Francisco Air Show,TRUE,6/4/2018 20:44,6/4/2018 22:27
104,35,3,Going Under With Shan.jpg,Going Under With Shan,gallowaytechAngularJs\Photos\Poster,,http://gallowaytech.com/gallowaytechAngularJs/Photos/Poster/Going Under With Shan.jpg,Poster,San Francisco Air Show,TRUE,6/4/2018 20:44,6/4/2018 22:27
105,36,3,Going Under With Shan 2.jpg,Going Under With Shan 2,gallowaytechAngularJs\Photos\Poster,,http://gallowaytech.com/gallowaytechAngularJs/Photos/Poster/Going Under With Shan 2.jpg,Poster,San Francisco Air Show,TRUE,6/4/2018 20:44,6/4/2018 22:27
106,37,3,Back on the Bay Side.jpg,Back on the Bay Side,gallowaytechAngularJs\Photos\Poster,,http://gallowaytech.com/gallowaytechAngularJs/Photos/Poster/Back on the Bay Side.jpg,Poster,San Francisco Air Show,TRUE,6/4/2018 20:44,6/4/2018 22:27
107,38,3,Waiting for the Show in Front of Alcatraz.jpg,Waiting for the Show in Front of Alcatraz,gallowaytechAngularJs\Photos\Poster,,http://gallowaytech.com/gallowaytechAngularJs/Photos/Poster/Waiting for the Show in Front of Alcatraz.jpg,Poster,San Francisco Air Show,TRUE,6/4/2018 20:44,6/4/2018 22:27
108,39,3,Show Begins.jpg,Show Begins,gallowaytechAngularJs\Photos\Poster,,http://gallowaytech.com/gallowaytechAngularJs/Photos/Poster/Show Begins.jpg,Poster,San Francisco Air Show,TRUE,6/4/2018 20:44,6/4/2018 22:27
109,40,3,Sky Writing by San Fran.jpg,Sky Writing by San Fran,gallowaytechAngularJs\Photos\Poster,,http://gallowaytech.com/gallowaytechAngularJs/Photos/Poster/Sky Writing by San Fran.jpg,Poster,San Francisco Air Show,TRUE,6/4/2018 20:44,6/4/2018 22:27
110,41,3,Coke by the Bay.jpg,Coke by the Bay,gallowaytechAngularJs\Photos\Poster,,http://gallowaytech.com/gallowaytechAngularJs/Photos/Poster/Coke by the Bay.jpg,Poster,San Francisco Air Show,TRUE,6/4/2018 20:44,6/4/2018 22:27
111,42,3,The Show Begins.jpg,The Show Begins,gallowaytechAngularJs\Photos\Poster,,http://gallowaytech.com/gallowaytechAngularJs/Photos/Poster/The Show Begins.jpg,Poster,San Francisco Air Show,TRUE,6/4/2018 20:44,6/4/2018 22:27
112,43,3,Aerial Loop.jpg,Aerial Loop,gallowaytechAngularJs\Photos\Poster,,http://gallowaytech.com/gallowaytechAngularJs/Photos/Poster/Aerial Loop.jpg,Poster,San Francisco Air Show,TRUE,6/4/2018 20:44,6/4/2018 22:27
113,44,3,In Formation.jpg,In Formation,gallowaytechAngularJs\Photos\Poster,,http://gallowaytech.com/gallowaytechAngularJs/Photos/Poster/In Formation.jpg,Poster,San Francisco Air Show,TRUE,6/4/2018 20:44,6/4/2018 22:27
114,45,3,In Formation Upside Down.jpg,In Formation Upside Down,gallowaytechAngularJs\Photos\Poster,,http://gallowaytech.com/gallowaytechAngularJs/Photos/Poster/In Formation Upside Down.jpg,Poster,San Francisco Air Show,TRUE,6/4/2018 20:44,6/4/2018 22:27
115,46,3,In Formation with Smoke Trails.jpg,In Formation with Smoke Trails,gallowaytechAngularJs\Photos\Poster,,http://gallowaytech.com/gallowaytechAngularJs/Photos/Poster/In Formation with Smoke Trails.jpg,Poster,San Francisco Air Show,TRUE,6/4/2018 20:44,6/4/2018 22:27
116,47,3,In Formation with Smoke Trails 2.jpg,In Formation with Smoke Trails 2,gallowaytechAngularJs\Photos\Poster,,http://gallowaytech.com/gallowaytechAngularJs/Photos/Poster/In Formation with Smoke Trails 2.jpg,Poster,San Francisco Air Show,TRUE,6/4/2018 20:44,6/4/2018 22:27
117,48,3,In Formation with Smoke Trails 3.jpg,In Formation with Smoke Trails 3,gallowaytechAngularJs\Photos\Poster,,http://gallowaytech.com/gallowaytechAngularJs/Photos/Poster/In Formation with Smoke Trails 3.jpg,Poster,San Francisco Air Show,TRUE,6/4/2018 20:44,6/4/2018 22:27
118,49,3,B-2 Stealth Bomber.jpg,B-2 Stealth Bomber,gallowaytechAngularJs\Photos\Poster,,http://gallowaytech.com/gallowaytechAngularJs/Photos/Poster/B-2 Stealth Bomber.jpg,Poster,San Francisco Air Show,TRUE,6/4/2018 20:44,6/4/2018 22:27
119,50,3,Canadian Snow Birds in Formation over Alcatraz.jpg,Canadian Snow Birds in Formation over Alcatraz,gallowaytechAngularJs\Photos\Poster,,http://gallowaytech.com/gallowaytechAngularJs/Photos/Poster/Canadian Snow Birds in Formation over Alcatraz.jpg,Poster,San Francisco Air Show,TRUE,6/4/2018 20:44,6/4/2018 22:27
120,51,3,Aerial Loop in Formation.jpg,Aerial Loop in Formation,gallowaytechAngularJs\Photos\Poster,,http://gallowaytech.com/gallowaytechAngularJs/Photos/Poster/Aerial Loop in Formation.jpg,Poster,San Francisco Air Show,TRUE,6/4/2018 20:44,6/4/2018 22:27
121,52,3,Aerial Loop in Formation 2.jpg,Aerial Loop in Formation 2,gallowaytechAngularJs\Photos\Poster,,http://gallowaytech.com/gallowaytechAngularJs/Photos/Poster/Aerial Loop in Formation 2.jpg,Poster,San Francisco Air Show,TRUE,6/4/2018 20:44,6/4/2018 22:27
122,53,3,Aerial Loop in Formation 3.jpg,Aerial Loop in Formation 3,gallowaytechAngularJs\Photos\Poster,,http://gallowaytech.com/gallowaytechAngularJs/Photos/Poster/Aerial Loop in Formation 3.jpg,Poster,San Francisco Air Show,TRUE,6/4/2018 20:44,6/4/2018 22:27
123,54,3,Blue Angel Passing Over Our Ship.jpg,Blue Angel Passing Over Our Ship,gallowaytechAngularJs\Photos\Poster,,http://gallowaytech.com/gallowaytechAngularJs/Photos/Poster/Blue Angel Passing Over Our Ship.jpg,Poster,San Francisco Air Show,TRUE,6/4/2018 20:44,6/4/2018 22:27
124,55,3,Blue Angel Passing Over Our Ship 2.jpg,Blue Angel Passing Over Our Ship 2,gallowaytechAngularJs\Photos\Poster,,http://gallowaytech.com/gallowaytechAngularJs/Photos/Poster/Blue Angel Passing Over Our Ship 2.jpg,Poster,San Francisco Air Show,TRUE,6/4/2018 20:44,6/4/2018 22:27
125,56,3,Blue Angels Passing Over Our Ship.jpg,Blue Angels Passing Over Our Ship,gallowaytechAngularJs\Photos\Poster,,http://gallowaytech.com/gallowaytechAngularJs/Photos/Poster/Blue Angels Passing Over Our Ship.jpg,Poster,San Francisco Air Show,TRUE,6/4/2018 20:44,6/4/2018 22:27
126,57,3,Shows Over.jpg,Shows Over,gallowaytechAngularJs\Photos\Poster,,http://gallowaytech.com/gallowaytechAngularJs/Photos/Poster/Shows Over.jpg,Poster,San Francisco Air Show,TRUE,6/4/2018 20:44,6/4/2018 22:27
127,58,4,Welcome to Death Valley.jpg,Welcome to Death Valley,gallowaytechAngularJs\Photos\Poster,,http://gallowaytech.com/gallowaytechAngularJs/Photos/Poster/Welcome to Death Valley.jpg,Poster,Death Valley,TRUE,6/4/2018 20:44,6/4/2018 22:27
128,59,4,First Stop - Badlands.jpg,First Stop - Badlands,gallowaytechAngularJs\Photos\Poster,,http://gallowaytech.com/gallowaytechAngularJs/Photos/Poster/First Stop - Badlands.jpg,Poster,Death Valley,TRUE,6/4/2018 20:44,6/4/2018 22:27
129,60,4,Badlands One.jpg,Badlands One,gallowaytechAngularJs\Photos\Poster,,http://gallowaytech.com/gallowaytechAngularJs/Photos/Poster/Badlands One.jpg,Poster,Death Valley,TRUE,6/4/2018 20:44,6/4/2018 22:27
130,61,4,Badlands Two.jpg,Badlands Two,gallowaytechAngularJs\Photos\Poster,,http://gallowaytech.com/gallowaytechAngularJs/Photos/Poster/Badlands Two.jpg,Poster,Death Valley,TRUE,6/4/2018 20:44,6/4/2018 22:27
131,62,4,Badlands Three.jpg,Badlands Three,gallowaytechAngularJs\Photos\Poster,,http://gallowaytech.com/gallowaytechAngularJs/Photos/Poster/Badlands Three.jpg,Poster,Death Valley,TRUE,6/4/2018 20:44,6/4/2018 22:27
132,63,4,Badlands Four.jpg,Badlands Four,gallowaytechAngularJs\Photos\Poster,,http://gallowaytech.com/gallowaytechAngularJs/Photos/Poster/Badlands Four.jpg,Poster,Death Valley,TRUE,6/4/2018 20:44,6/4/2018 22:27
133,64,4,Badlands Parking Lot.jpg,Badlands Parking Lot,gallowaytechAngularJs\Photos\Poster,,http://gallowaytech.com/gallowaytechAngularJs/Photos/Poster/Badlands Parking Lot.jpg,Poster,Death Valley,TRUE,6/4/2018 20:44,6/4/2018 22:27
134,65,4,Zabriskie Point.jpg,Zabriskie Point,gallowaytechAngularJs\Photos\Poster,,http://gallowaytech.com/gallowaytechAngularJs/Photos/Poster/Zabriskie Point.jpg,Poster,Death Valley,TRUE,6/4/2018 20:44,6/4/2018 22:27
135,66,4,Zabriskie Point One.jpg,Zabriskie Point One,gallowaytechAngularJs\Photos\Poster,,http://gallowaytech.com/gallowaytechAngularJs/Photos/Poster/Zabriskie Point One.jpg,Poster,Death Valley,TRUE,6/4/2018 20:44,6/4/2018 22:27
136,67,4,Zabriskie Point Two.jpg,Zabriskie Point Two,gallowaytechAngularJs\Photos\Poster,,http://gallowaytech.com/gallowaytechAngularJs/Photos/Poster/Zabriskie Point Two.jpg,Poster,Death Valley,TRUE,6/4/2018 20:44,6/4/2018 22:27
137,68,4,Zabriskie Point Thumb.jpg,Zabriskie Point Thumb,gallowaytechAngularJs\Photos\Poster,,http://gallowaytech.com/gallowaytechAngularJs/Photos/Poster/Zabriskie Point Thumb.jpg,Poster,Death Valley,TRUE,6/4/2018 20:44,6/4/2018 22:27
138,69,4,Driving.jpg,Driving,gallowaytechAngularJs\Photos\Poster,,http://gallowaytech.com/gallowaytechAngularJs/Photos/Poster/Driving.jpg,Poster,Death Valley,TRUE,6/4/2018 20:44,6/4/2018 22:27
139,1,1,I Didn't Do It.jpg,I Didn't Do It,gallowaytechAngularJs\Photos\Full,,http://gallowaytech.com/gallowaytechAngularJs/Photos/Full/I Didn't Do It.jpg,Full,Buddy,TRUE,6/4/2018 20:44,6/4/2018 22:27
140,2,1,Running.jpg,Running,gallowaytechAngularJs\Photos\Full,,http://gallowaytech.com/gallowaytechAngularJs/Photos/Full/Running.jpg,Full,Tacoma,TRUE,6/4/2018 20:44,6/4/2018 22:27
141,3,1,Handout.jpg,Handout,gallowaytechAngularJs\Photos\Full,,http://gallowaytech.com/gallowaytechAngularJs/Photos/Full/Handout.jpg,Full,Buddy Tacoma,TRUE,6/4/2018 20:44,6/4/2018 22:27
142,4,1,My Couch.jpg,My Couch,gallowaytechAngularJs\Photos\Full,,http://gallowaytech.com/gallowaytechAngularJs/Photos/Full/My Couch.jpg,Full,Buddy,TRUE,6/4/2018 20:44,6/4/2018 22:27
143,5,1,Our Mascot Buddy.jpg,Our Mascot Buddy,gallowaytechAngularJs\Photos\Full,,http://gallowaytech.com/gallowaytechAngularJs/Photos/Full/Our Mascot Buddy.jpg,Full,Buddy,TRUE,6/4/2018 20:44,6/4/2018 22:27
144,6,1,Friends.jpg,Friends,gallowaytechAngularJs\Photos\Full,,http://gallowaytech.com/gallowaytechAngularJs/Photos/Full/Friends.jpg,Full,Buddy Tacoma,TRUE,6/4/2018 20:44,6/4/2018 22:27
145,7,1,Running Around the Deck.jpg,Running Around the Deck,gallowaytechAngularJs\Photos\Full,,http://gallowaytech.com/gallowaytechAngularJs/Photos/Full/Running Around the Deck.jpg,Full,Buddy Tacoma,TRUE,6/4/2018 20:44,6/4/2018 22:27
146,8,2,First Day in Peru.jpg,First Day in Peru,gallowaytechAngularJs\Photos\Full,,http://gallowaytech.com/gallowaytechAngularJs/Photos/Full/First Day in Peru.jpg,Full,Peru,TRUE,6/4/2018 20:44,6/4/2018 22:27
147,9,2,Kinda Blurry Shot of My Brother.jpg,Kinda Blurry Shot of My Brother,gallowaytechAngularJs\Photos\Full,,http://gallowaytech.com/gallowaytechAngularJs/Photos/Full/Kinda Blurry Shot of My Brother.jpg,Full,Peru,TRUE,6/4/2018 20:44,6/4/2018 22:27
148,10,2,McDonalds in Peru....jpg,McDonalds in Peru...,gallowaytechAngularJs\Photos\Full,,http://gallowaytech.com/gallowaytechAngularJs/Photos/Full/McDonalds in Peru....jpg,Full,Peru,TRUE,6/4/2018 20:44,6/4/2018 22:27
149,11,2,Fountains at Night.jpg,Fountains at Night,gallowaytechAngularJs\Photos\Full,,http://gallowaytech.com/gallowaytechAngularJs/Photos/Full/Fountains at Night.jpg,Full,Peru,TRUE,6/4/2018 20:44,6/4/2018 22:27
150,12,2,Peruvian Ice Cream Vendor.jpg,Peruvian Ice Cream Vendor,gallowaytechAngularJs\Photos\Full,,http://gallowaytech.com/gallowaytechAngularJs/Photos/Full/Peruvian Ice Cream Vendor.jpg,Full,Peru,TRUE,6/4/2018 20:44,6/4/2018 22:27
151,13,2,Natural Salt Farmers.jpg,Natural Salt Farmers,gallowaytechAngularJs\Photos\Full,,http://gallowaytech.com/gallowaytechAngularJs/Photos/Full/Natural Salt Farmers.jpg,Full,Peru,TRUE,6/4/2018 20:44,6/4/2018 22:27
152,14,2,Shannon and Donkeys Hauling Salt Bags.jpg,Shannon and Donkeys Hauling Salt Bags,gallowaytechAngularJs\Photos\Full,,http://gallowaytech.com/gallowaytechAngularJs/Photos/Full/Shannon and Donkeys Hauling Salt Bags.jpg,Full,Peru,TRUE,6/4/2018 20:44,6/4/2018 22:27
153,15,2,Welcome to Machupicchu.jpg,Welcome to Machupicchu,gallowaytechAngularJs\Photos\Full,,http://gallowaytech.com/gallowaytechAngularJs/Photos/Full/Welcome to Machupicchu.jpg,Full,Peru,TRUE,6/4/2018 20:44,6/4/2018 22:27
154,16,2,Machupicchu and Us.jpg,Machupicchu and Us,gallowaytechAngularJs\Photos\Full,,http://gallowaytech.com/gallowaytechAngularJs/Photos/Full/Machupicchu and Us.jpg,Full,Peru,TRUE,6/4/2018 20:44,6/4/2018 22:27
155,17,2,Water Bottle and Peruvian Mountains.jpg,Water Bottle and Peruvian Mountains,gallowaytechAngularJs\Photos\Full,,http://gallowaytech.com/gallowaytechAngularJs/Photos/Full/Water Bottle and Peruvian Mountains.jpg,Full,Peru,TRUE,6/4/2018 20:44,6/4/2018 22:27
156,18,2,Water Bottle and Machupicchu.jpg,Water Bottle and Machupicchu,gallowaytechAngularJs\Photos\Full,,http://gallowaytech.com/gallowaytechAngularJs/Photos/Full/Water Bottle and Machupicchu.jpg,Full,Peru,TRUE,6/4/2018 20:44,6/4/2018 22:27
157,19,2,Patio at Our Hostel.jpg,Patio at Our Hostel,gallowaytechAngularJs\Photos\Full,,http://gallowaytech.com/gallowaytechAngularJs/Photos/Full/Patio at Our Hostel.jpg,Full,Peru,TRUE,6/4/2018 20:44,6/4/2018 22:27
158,20,2,Local Cuisine.jpg,Local Cuisine,gallowaytechAngularJs\Photos\Full,,http://gallowaytech.com/gallowaytechAngularJs/Photos/Full/Local Cuisine.jpg,Full,Peru,TRUE,6/4/2018 20:44,6/4/2018 22:27
159,21,2,Traveling Can be Tiring.jpg,Traveling Can be Tiring,gallowaytechAngularJs\Photos\Full,,http://gallowaytech.com/gallowaytechAngularJs/Photos/Full/Traveling Can be Tiring.jpg,Full,Peru,TRUE,6/4/2018 20:44,6/4/2018 22:27
160,22,2,Traveling Can be Tiring 2.jpg,Traveling Can be Tiring 2,gallowaytechAngularJs\Photos\Full,,http://gallowaytech.com/gallowaytechAngularJs/Photos/Full/Traveling Can be Tiring 2.jpg,Full,Peru,TRUE,6/4/2018 20:44,6/4/2018 22:27
161,23,2,Back Home.jpg,Back Home,gallowaytechAngularJs\Photos\Full,,http://gallowaytech.com/gallowaytechAngularJs/Photos/Full/Back Home.jpg,Full,Peru,TRUE,6/4/2018 20:44,6/4/2018 22:27
162,24,2,The End.jpg,The End,gallowaytechAngularJs\Photos\Full,,http://gallowaytech.com/gallowaytechAngularJs/Photos/Full/The End.jpg,Full,Peru,TRUE,6/4/2018 20:44,6/4/2018 22:27
163,25,3,Waiting for the Show.jpg,Waiting for the Show,gallowaytechAngularJs\Photos\Full,,http://gallowaytech.com/gallowaytechAngularJs/Photos/Full/Waiting for the Show.jpg,Full,San Francisco Air Show,TRUE,6/4/2018 20:44,6/4/2018 22:27
164,26,3,Cloudy Golden Gate Bridge.jpg,Cloudy Golden Gate Bridge,gallowaytechAngularJs\Photos\Full,,http://gallowaytech.com/gallowaytechAngularJs/Photos/Full/Cloudy Golden Gate Bridge.jpg,Full,San Francisco Air Show,TRUE,6/4/2018 20:44,6/4/2018 22:27
165,27,3,Cloudy Golden Gate Bridge 2.jpg,Cloudy Golden Gate Bridge 2,gallowaytechAngularJs\Photos\Full,,http://gallowaytech.com/gallowaytechAngularJs/Photos/Full/Cloudy Golden Gate Bridge 2.jpg,Full,San Francisco Air Show,TRUE,6/4/2018 20:44,6/4/2018 22:27
166,28,3,About to go Under.jpg,About to go Under,gallowaytechAngularJs\Photos\Full,,http://gallowaytech.com/gallowaytechAngularJs/Photos/Full/About to go Under.jpg,Full,San Francisco Air Show,TRUE,6/4/2018 20:44,6/4/2018 22:27
167,29,3,Under the Golden Gate Bridge.jpg,Under the Golden Gate Bridge,gallowaytechAngularJs\Photos\Full,,http://gallowaytech.com/gallowaytechAngularJs/Photos/Full/Under the Golden Gate Bridge.jpg,Full,San Francisco Air Show,TRUE,6/4/2018 20:44,6/4/2018 22:27
168,30,3,Under the Golden Gate Bridge 2.jpg,Under the Golden Gate Bridge 2,gallowaytechAngularJs\Photos\Full,,http://gallowaytech.com/gallowaytechAngularJs/Photos/Full/Under the Golden Gate Bridge 2.jpg,Full,San Francisco Air Show,TRUE,6/4/2018 20:44,6/4/2018 22:27
169,31,3,US Nuclear Powered Air Craft Carrier.jpg,US Nuclear Powered Air Craft Carrier,gallowaytechAngularJs\Photos\Full,,http://gallowaytech.com/gallowaytechAngularJs/Photos/Full/US Nuclear Powered Air Craft Carrier.jpg,Full,San Francisco Air Show,TRUE,6/4/2018 20:44,6/4/2018 22:27
170,32,3,US Nuclear Powered Air Craft Carrier 2.jpg,US Nuclear Powered Air Craft Carrier 2,gallowaytechAngularJs\Photos\Full,,http://gallowaytech.com/gallowaytechAngularJs/Photos/Full/US Nuclear Powered Air Craft Carrier 2.jpg,Full,San Francisco Air Show,TRUE,6/4/2018 20:44,6/4/2018 22:27
171,33,3,Going Back Under.jpg,Going Back Under,gallowaytechAngularJs\Photos\Full,,http://gallowaytech.com/gallowaytechAngularJs/Photos/Full/Going Back Under.jpg,Full,San Francisco Air Show,TRUE,6/4/2018 20:44,6/4/2018 22:27
172,34,3,Going Back Under 2.jpg,Going Back Under 2,gallowaytechAngularJs\Photos\Full,,http://gallowaytech.com/gallowaytechAngularJs/Photos/Full/Going Back Under 2.jpg,Full,San Francisco Air Show,TRUE,6/4/2018 20:44,6/4/2018 22:27
173,35,3,Going Under With Shan.jpg,Going Under With Shan,gallowaytechAngularJs\Photos\Full,,http://gallowaytech.com/gallowaytechAngularJs/Photos/Full/Going Under With Shan.jpg,Full,San Francisco Air Show,TRUE,6/4/2018 20:44,6/4/2018 22:27
174,36,3,Going Under With Shan 2.jpg,Going Under With Shan 2,gallowaytechAngularJs\Photos\Full,,http://gallowaytech.com/gallowaytechAngularJs/Photos/Full/Going Under With Shan 2.jpg,Full,San Francisco Air Show,TRUE,6/4/2018 20:44,6/4/2018 22:27
175,37,3,Back on the Bay Side.jpg,Back on the Bay Side,gallowaytechAngularJs\Photos\Full,,http://gallowaytech.com/gallowaytechAngularJs/Photos/Full/Back on the Bay Side.jpg,Full,San Francisco Air Show,TRUE,6/4/2018 20:44,6/4/2018 22:27
176,38,3,Waiting for the Show in Front of Alcatraz.jpg,Waiting for the Show in Front of Alcatraz,gallowaytechAngularJs\Photos\Full,,http://gallowaytech.com/gallowaytechAngularJs/Photos/Full/Waiting for the Show in Front of Alcatraz.jpg,Full,San Francisco Air Show,TRUE,6/4/2018 20:44,6/4/2018 22:27
177,39,3,Show Begins.jpg,Show Begins,gallowaytechAngularJs\Photos\Full,,http://gallowaytech.com/gallowaytechAngularJs/Photos/Full/Show Begins.jpg,Full,San Francisco Air Show,TRUE,6/4/2018 20:44,6/4/2018 22:27
178,40,3,Sky Writing by San Fran.jpg,Sky Writing by San Fran,gallowaytechAngularJs\Photos\Full,,http://gallowaytech.com/gallowaytechAngularJs/Photos/Full/Sky Writing by San Fran.jpg,Full,San Francisco Air Show,TRUE,6/4/2018 20:44,6/4/2018 22:27
179,41,3,Coke by the Bay.jpg,Coke by the Bay,gallowaytechAngularJs\Photos\Full,,http://gallowaytech.com/gallowaytechAngularJs/Photos/Full/Coke by the Bay.jpg,Full,San Francisco Air Show,TRUE,6/4/2018 20:44,6/4/2018 22:27
180,42,3,The Show Begins.jpg,The Show Begins,gallowaytechAngularJs\Photos\Full,,http://gallowaytech.com/gallowaytechAngularJs/Photos/Full/The Show Begins.jpg,Full,San Francisco Air Show,TRUE,6/4/2018 20:44,6/4/2018 22:27
181,43,3,Aerial Loop.jpg,Aerial Loop,gallowaytechAngularJs\Photos\Full,,http://gallowaytech.com/gallowaytechAngularJs/Photos/Full/Aerial Loop.jpg,Full,San Francisco Air Show,TRUE,6/4/2018 20:44,6/4/2018 22:27
182,44,3,In Formation.jpg,In Formation,gallowaytechAngularJs\Photos\Full,,http://gallowaytech.com/gallowaytechAngularJs/Photos/Full/In Formation.jpg,Full,San Francisco Air Show,TRUE,6/4/2018 20:44,6/4/2018 22:27
183,45,3,In Formation Upside Down.jpg,In Formation Upside Down,gallowaytechAngularJs\Photos\Full,,http://gallowaytech.com/gallowaytechAngularJs/Photos/Full/In Formation Upside Down.jpg,Full,San Francisco Air Show,TRUE,6/4/2018 20:44,6/4/2018 22:27
184,46,3,In Formation with Smoke Trails.jpg,In Formation with Smoke Trails,gallowaytechAngularJs\Photos\Full,,http://gallowaytech.com/gallowaytechAngularJs/Photos/Full/In Formation with Smoke Trails.jpg,Full,San Francisco Air Show,TRUE,6/4/2018 20:44,6/4/2018 22:27
185,47,3,In Formation with Smoke Trails 2.jpg,In Formation with Smoke Trails 2,gallowaytechAngularJs\Photos\Full,,http://gallowaytech.com/gallowaytechAngularJs/Photos/Full/In Formation with Smoke Trails 2.jpg,Full,San Francisco Air Show,TRUE,6/4/2018 20:44,6/4/2018 22:27
186,48,3,In Formation with Smoke Trails 3.jpg,In Formation with Smoke Trails 3,gallowaytechAngularJs\Photos\Full,,http://gallowaytech.com/gallowaytechAngularJs/Photos/Full/In Formation with Smoke Trails 3.jpg,Full,San Francisco Air Show,TRUE,6/4/2018 20:44,6/4/2018 22:27
187,49,3,B-2 Stealth Bomber.jpg,B-2 Stealth Bomber,gallowaytechAngularJs\Photos\Full,,http://gallowaytech.com/gallowaytechAngularJs/Photos/Full/B-2 Stealth Bomber.jpg,Full,San Francisco Air Show,TRUE,6/4/2018 20:44,6/4/2018 22:27
188,50,3,Canadian Snow Birds in Formation over Alcatraz.jpg,Canadian Snow Birds in Formation over Alcatraz,gallowaytechAngularJs\Photos\Full,,http://gallowaytech.com/gallowaytechAngularJs/Photos/Full/Canadian Snow Birds in Formation over Alcatraz.jpg,Full,San Francisco Air Show,TRUE,6/4/2018 20:44,6/4/2018 22:27
189,51,3,Aerial Loop in Formation.jpg,Aerial Loop in Formation,gallowaytechAngularJs\Photos\Full,,http://gallowaytech.com/gallowaytechAngularJs/Photos/Full/Aerial Loop in Formation.jpg,Full,San Francisco Air Show,TRUE,6/4/2018 20:44,6/4/2018 22:27
190,52,3,Aerial Loop in Formation 2.jpg,Aerial Loop in Formation 2,gallowaytechAngularJs\Photos\Full,,http://gallowaytech.com/gallowaytechAngularJs/Photos/Full/Aerial Loop in Formation 2.jpg,Full,San Francisco Air Show,TRUE,6/4/2018 20:44,6/4/2018 22:27
191,53,3,Aerial Loop in Formation 3.jpg,Aerial Loop in Formation 3,gallowaytechAngularJs\Photos\Full,,http://gallowaytech.com/gallowaytechAngularJs/Photos/Full/Aerial Loop in Formation 3.jpg,Full,San Francisco Air Show,TRUE,6/4/2018 20:44,6/4/2018 22:27
192,54,3,Blue Angel Passing Over Our Ship.jpg,Blue Angel Passing Over Our Ship,gallowaytechAngularJs\Photos\Full,,http://gallowaytech.com/gallowaytechAngularJs/Photos/Full/Blue Angel Passing Over Our Ship.jpg,Full,San Francisco Air Show,TRUE,6/4/2018 20:44,6/4/2018 22:27
193,55,3,Blue Angel Passing Over Our Ship 2.jpg,Blue Angel Passing Over Our Ship 2,gallowaytechAngularJs\Photos\Full,,http://gallowaytech.com/gallowaytechAngularJs/Photos/Full/Blue Angel Passing Over Our Ship 2.jpg,Full,San Francisco Air Show,TRUE,6/4/2018 20:44,6/4/2018 22:27
194,56,3,Blue Angels Passing Over Our Ship.jpg,Blue Angels Passing Over Our Ship,gallowaytechAngularJs\Photos\Full,,http://gallowaytech.com/gallowaytechAngularJs/Photos/Full/Blue Angels Passing Over Our Ship.jpg,Full,San Francisco Air Show,TRUE,6/4/2018 20:44,6/4/2018 22:27
195,57,3,Shows Over.jpg,Shows Over,gallowaytechAngularJs\Photos\Full,,http://gallowaytech.com/gallowaytechAngularJs/Photos/Full/Shows Over.jpg,Full,San Francisco Air Show,TRUE,6/4/2018 20:44,6/4/2018 22:27
196,58,4,Welcome to Death Valley.jpg,Welcome to Death Valley,gallowaytechAngularJs\Photos\Full,,http://gallowaytech.com/gallowaytechAngularJs/Photos/Full/Welcome to Death Valley.jpg,Full,Death Valley,TRUE,6/4/2018 20:44,6/4/2018 22:27
197,59,4,First Stop - Badlands.jpg,First Stop - Badlands,gallowaytechAngularJs\Photos\Full,,http://gallowaytech.com/gallowaytechAngularJs/Photos/Full/First Stop - Badlands.jpg,Full,Death Valley,TRUE,6/4/2018 20:44,6/4/2018 22:27
198,60,4,Badlands One.jpg,Badlands One,gallowaytechAngularJs\Photos\Full,,http://gallowaytech.com/gallowaytechAngularJs/Photos/Full/Badlands One.jpg,Full,Death Valley,TRUE,6/4/2018 20:44,6/4/2018 22:27
199,61,4,Badlands Two.jpg,Badlands Two,gallowaytechAngularJs\Photos\Full,,http://gallowaytech.com/gallowaytechAngularJs/Photos/Full/Badlands Two.jpg,Full,Death Valley,TRUE,6/4/2018 20:44,6/4/2018 22:27
200,62,4,Badlands Three.jpg,Badlands Three,gallowaytechAngularJs\Photos\Full,,http://gallowaytech.com/gallowaytechAngularJs/Photos/Full/Badlands Three.jpg,Full,Death Valley,TRUE,6/4/2018 20:44,6/4/2018 22:27
201,63,4,Badlands Four.jpg,Badlands Four,gallowaytechAngularJs\Photos\Full,,http://gallowaytech.com/gallowaytechAngularJs/Photos/Full/Badlands Four.jpg,Full,Death Valley,TRUE,6/4/2018 20:44,6/4/2018 22:27
202,64,4,Badlands Parking Lot.jpg,Badlands Parking Lot,gallowaytechAngularJs\Photos\Full,,http://gallowaytech.com/gallowaytechAngularJs/Photos/Full/Badlands Parking Lot.jpg,Full,Death Valley,TRUE,6/4/2018 20:44,6/4/2018 22:27
203,65,4,Zabriskie Point.jpg,Zabriskie Point,gallowaytechAngularJs\Photos\Full,,http://gallowaytech.com/gallowaytechAngularJs/Photos/Full/Zabriskie Point.jpg,Full,Death Valley,TRUE,6/4/2018 20:44,6/4/2018 22:27
204,66,4,Zabriskie Point One.jpg,Zabriskie Point One,gallowaytechAngularJs\Photos\Full,,http://gallowaytech.com/gallowaytechAngularJs/Photos/Full/Zabriskie Point One.jpg,Full,Death Valley,TRUE,6/4/2018 20:44,6/4/2018 22:27
205,67,4,Zabriskie Point Two.jpg,Zabriskie Point Two,gallowaytechAngularJs\Photos\Full,,http://gallowaytech.com/gallowaytechAngularJs/Photos/Full/Zabriskie Point Two.jpg,Full,Death Valley,TRUE,6/4/2018 20:44,6/4/2018 22:27
206,68,4,Zabriskie Point Thumb.jpg,Zabriskie Point Thumb,gallowaytechAngularJs\Photos\Full,,http://gallowaytech.com/gallowaytechAngularJs/Photos/Full/Zabriskie Point Thumb.jpg,Full,Death Valley,TRUE,6/4/2018 20:44,6/4/2018 22:27
207,69,4,Driving.jpg,Driving,gallowaytechAngularJs\Photos\Full,,http://gallowaytech.com/gallowaytechAngularJs/Photos/Full/Driving.jpg,Full,Death Valley,TRUE,6/4/2018 20:44,6/4/2018 22:27
208,1,1,I Didn't Do It.jpg,I Didn't Do It,gallowaytechAngularJs\Photos\Orig,,http://gallowaytech.com/gallowaytechAngularJs/Photos/Orig/I Didn't Do It.jpg,Orig,Buddy,TRUE,6/4/2018 20:44,6/4/2018 22:27
209,2,1,Running.jpg,Running,gallowaytechAngularJs\Photos\Orig,,http://gallowaytech.com/gallowaytechAngularJs/Photos/Orig/Running.jpg,Orig,Tacoma,TRUE,6/4/2018 20:44,6/4/2018 22:27
210,3,1,Handout.jpg,Handout,gallowaytechAngularJs\Photos\Orig,,http://gallowaytech.com/gallowaytechAngularJs/Photos/Orig/Handout.jpg,Orig,Buddy Tacoma,TRUE,6/4/2018 20:44,6/4/2018 22:27
211,4,1,My Couch.jpg,My Couch,gallowaytechAngularJs\Photos\Orig,,http://gallowaytech.com/gallowaytechAngularJs/Photos/Orig/My Couch.jpg,Orig,Buddy,TRUE,6/4/2018 20:44,6/4/2018 22:27
212,5,1,Our Mascot Buddy.jpg,Our Mascot Buddy,gallowaytechAngularJs\Photos\Orig,,http://gallowaytech.com/gallowaytechAngularJs/Photos/Orig/Our Mascot Buddy.jpg,Orig,Buddy,TRUE,6/4/2018 20:44,6/4/2018 22:27
213,6,1,Friends.jpg,Friends,gallowaytechAngularJs\Photos\Orig,,http://gallowaytech.com/gallowaytechAngularJs/Photos/Orig/Friends.jpg,Orig,Buddy Tacoma,TRUE,6/4/2018 20:44,6/4/2018 22:27
214,7,1,Running Around the Deck.jpg,Running Around the Deck,gallowaytechAngularJs\Photos\Orig,,http://gallowaytech.com/gallowaytechAngularJs/Photos/Orig/Running Around the Deck.jpg,Orig,Buddy Tacoma,TRUE,6/4/2018 20:44,6/4/2018 22:27
215,8,2,First Day in Peru.jpg,First Day in Peru,gallowaytechAngularJs\Photos\Orig,,http://gallowaytech.com/gallowaytechAngularJs/Photos/Orig/First Day in Peru.jpg,Orig,Peru,TRUE,6/4/2018 20:44,6/4/2018 22:27
216,9,2,Kinda Blurry Shot of My Brother.jpg,Kinda Blurry Shot of My Brother,gallowaytechAngularJs\Photos\Orig,,http://gallowaytech.com/gallowaytechAngularJs/Photos/Orig/Kinda Blurry Shot of My Brother.jpg,Orig,Peru,TRUE,6/4/2018 20:44,6/4/2018 22:27
217,10,2,McDonalds in Peru....jpg,McDonalds in Peru...,gallowaytechAngularJs\Photos\Orig,,http://gallowaytech.com/gallowaytechAngularJs/Photos/Orig/McDonalds in Peru....jpg,Orig,Peru,TRUE,6/4/2018 20:44,6/4/2018 22:27
218,11,2,Fountains at Night.jpg,Fountains at Night,gallowaytechAngularJs\Photos\Orig,,http://gallowaytech.com/gallowaytechAngularJs/Photos/Orig/Fountains at Night.jpg,Orig,Peru,TRUE,6/4/2018 20:44,6/4/2018 22:27
219,12,2,Peruvian Ice Cream Vendor.jpg,Peruvian Ice Cream Vendor,gallowaytechAngularJs\Photos\Orig,,http://gallowaytech.com/gallowaytechAngularJs/Photos/Orig/Peruvian Ice Cream Vendor.jpg,Orig,Peru,TRUE,6/4/2018 20:44,6/4/2018 22:27
220,13,2,Natural Salt Farmers.jpg,Natural Salt Farmers,gallowaytechAngularJs\Photos\Orig,,http://gallowaytech.com/gallowaytechAngularJs/Photos/Orig/Natural Salt Farmers.jpg,Orig,Peru,TRUE,6/4/2018 20:44,6/4/2018 22:27
221,14,2,Shannon and Donkeys Hauling Salt Bags.jpg,Shannon and Donkeys Hauling Salt Bags,gallowaytechAngularJs\Photos\Orig,,http://gallowaytech.com/gallowaytechAngularJs/Photos/Orig/Shannon and Donkeys Hauling Salt Bags.jpg,Orig,Peru,TRUE,6/4/2018 20:44,6/4/2018 22:27
222,15,2,Welcome to Machupicchu.jpg,Welcome to Machupicchu,gallowaytechAngularJs\Photos\Orig,,http://gallowaytech.com/gallowaytechAngularJs/Photos/Orig/Welcome to Machupicchu.jpg,Orig,Peru,TRUE,6/4/2018 20:44,6/4/2018 22:27
223,16,2,Machupicchu and Us.jpg,Machupicchu and Us,gallowaytechAngularJs\Photos\Orig,,http://gallowaytech.com/gallowaytechAngularJs/Photos/Orig/Machupicchu and Us.jpg,Orig,Peru,TRUE,6/4/2018 20:44,6/4/2018 22:27
224,17,2,Water Bottle and Peruvian Mountains.jpg,Water Bottle and Peruvian Mountains,gallowaytechAngularJs\Photos\Orig,,http://gallowaytech.com/gallowaytechAngularJs/Photos/Orig/Water Bottle and Peruvian Mountains.jpg,Orig,Peru,TRUE,6/4/2018 20:44,6/4/2018 22:27
225,18,2,Water Bottle and Machupicchu.jpg,Water Bottle and Machupicchu,gallowaytechAngularJs\Photos\Orig,,http://gallowaytech.com/gallowaytechAngularJs/Photos/Orig/Water Bottle and Machupicchu.jpg,Orig,Peru,TRUE,6/4/2018 20:44,6/4/2018 22:27
226,19,2,Patio at Our Hostel.jpg,Patio at Our Hostel,gallowaytechAngularJs\Photos\Orig,,http://gallowaytech.com/gallowaytechAngularJs/Photos/Orig/Patio at Our Hostel.jpg,Orig,Peru,TRUE,6/4/2018 20:44,6/4/2018 22:27
227,20,2,Local Cuisine.jpg,Local Cuisine,gallowaytechAngularJs\Photos\Orig,,http://gallowaytech.com/gallowaytechAngularJs/Photos/Orig/Local Cuisine.jpg,Orig,Peru,TRUE,6/4/2018 20:44,6/4/2018 22:27
228,21,2,Traveling Can be Tiring.jpg,Traveling Can be Tiring,gallowaytechAngularJs\Photos\Orig,,http://gallowaytech.com/gallowaytechAngularJs/Photos/Orig/Traveling Can be Tiring.jpg,Orig,Peru,TRUE,6/4/2018 20:44,6/4/2018 22:27
229,22,2,Traveling Can be Tiring 2.jpg,Traveling Can be Tiring 2,gallowaytechAngularJs\Photos\Orig,,http://gallowaytech.com/gallowaytechAngularJs/Photos/Orig/Traveling Can be Tiring 2.jpg,Orig,Peru,TRUE,6/4/2018 20:44,6/4/2018 22:27
230,23,2,Back Home.jpg,Back Home,gallowaytechAngularJs\Photos\Orig,,http://gallowaytech.com/gallowaytechAngularJs/Photos/Orig/Back Home.jpg,Orig,Peru,TRUE,6/4/2018 20:44,6/4/2018 22:27
231,24,2,The End.jpg,The End,gallowaytechAngularJs\Photos\Orig,,http://gallowaytech.com/gallowaytechAngularJs/Photos/Orig/The End.jpg,Orig,Peru,TRUE,6/4/2018 20:44,6/4/2018 22:27
232,25,3,Waiting for the Show.jpg,Waiting for the Show,gallowaytechAngularJs\Photos\Orig,,http://gallowaytech.com/gallowaytechAngularJs/Photos/Orig/Waiting for the Show.jpg,Orig,San Francisco Air Show,TRUE,6/4/2018 20:44,6/4/2018 22:27
233,26,3,Cloudy Golden Gate Bridge.jpg,Cloudy Golden Gate Bridge,gallowaytechAngularJs\Photos\Orig,,http://gallowaytech.com/gallowaytechAngularJs/Photos/Orig/Cloudy Golden Gate Bridge.jpg,Orig,San Francisco Air Show,TRUE,6/4/2018 20:44,6/4/2018 22:27
234,27,3,Cloudy Golden Gate Bridge 2.jpg,Cloudy Golden Gate Bridge 2,gallowaytechAngularJs\Photos\Orig,,http://gallowaytech.com/gallowaytechAngularJs/Photos/Orig/Cloudy Golden Gate Bridge 2.jpg,Orig,San Francisco Air Show,TRUE,6/4/2018 20:44,6/4/2018 22:27
235,28,3,About to go Under.jpg,About to go Under,gallowaytechAngularJs\Photos\Orig,,http://gallowaytech.com/gallowaytechAngularJs/Photos/Orig/About to go Under.jpg,Orig,San Francisco Air Show,TRUE,6/4/2018 20:44,6/4/2018 22:27
236,29,3,Under the Golden Gate Bridge.jpg,Under the Golden Gate Bridge,gallowaytechAngularJs\Photos\Orig,,http://gallowaytech.com/gallowaytechAngularJs/Photos/Orig/Under the Golden Gate Bridge.jpg,Orig,San Francisco Air Show,TRUE,6/4/2018 20:44,6/4/2018 22:27
237,30,3,Under the Golden Gate Bridge 2.jpg,Under the Golden Gate Bridge 2,gallowaytechAngularJs\Photos\Orig,,http://gallowaytech.com/gallowaytechAngularJs/Photos/Orig/Under the Golden Gate Bridge 2.jpg,Orig,San Francisco Air Show,TRUE,6/4/2018 20:44,6/4/2018 22:27
238,31,3,US Nuclear Powered Air Craft Carrier.jpg,US Nuclear Powered Air Craft Carrier,gallowaytechAngularJs\Photos\Orig,,http://gallowaytech.com/gallowaytechAngularJs/Photos/Orig/US Nuclear Powered Air Craft Carrier.jpg,Orig,San Francisco Air Show,TRUE,6/4/2018 20:44,6/4/2018 22:27
239,32,3,US Nuclear Powered Air Craft Carrier 2.jpg,US Nuclear Powered Air Craft Carrier 2,gallowaytechAngularJs\Photos\Orig,,http://gallowaytech.com/gallowaytechAngularJs/Photos/Orig/US Nuclear Powered Air Craft Carrier 2.jpg,Orig,San Francisco Air Show,TRUE,6/4/2018 20:44,6/4/2018 22:27
240,33,3,Going Back Under.jpg,Going Back Under,gallowaytechAngularJs\Photos\Orig,,http://gallowaytech.com/gallowaytechAngularJs/Photos/Orig/Going Back Under.jpg,Orig,San Francisco Air Show,TRUE,6/4/2018 20:44,6/4/2018 22:27
241,34,3,Going Back Under 2.jpg,Going Back Under 2,gallowaytechAngularJs\Photos\Orig,,http://gallowaytech.com/gallowaytechAngularJs/Photos/Orig/Going Back Under 2.jpg,Orig,San Francisco Air Show,TRUE,6/4/2018 20:44,6/4/2018 22:27
242,35,3,Going Under With Shan.jpg,Going Under With Shan,gallowaytechAngularJs\Photos\Orig,,http://gallowaytech.com/gallowaytechAngularJs/Photos/Orig/Going Under With Shan.jpg,Orig,San Francisco Air Show,TRUE,6/4/2018 20:44,6/4/2018 22:27
243,36,3,Going Under With Shan 2.jpg,Going Under With Shan 2,gallowaytechAngularJs\Photos\Orig,,http://gallowaytech.com/gallowaytechAngularJs/Photos/Orig/Going Under With Shan 2.jpg,Orig,San Francisco Air Show,TRUE,6/4/2018 20:44,6/4/2018 22:27
244,37,3,Back on the Bay Side.jpg,Back on the Bay Side,gallowaytechAngularJs\Photos\Orig,,http://gallowaytech.com/gallowaytechAngularJs/Photos/Orig/Back on the Bay Side.jpg,Orig,San Francisco Air Show,TRUE,6/4/2018 20:44,6/4/2018 22:27
245,38,3,Waiting for the Show in Front of Alcatraz.jpg,Waiting for the Show in Front of Alcatraz,gallowaytechAngularJs\Photos\Orig,,http://gallowaytech.com/gallowaytechAngularJs/Photos/Orig/Waiting for the Show in Front of Alcatraz.jpg,Orig,San Francisco Air Show,TRUE,6/4/2018 20:44,6/4/2018 22:27
246,39,3,Show Begins.jpg,Show Begins,gallowaytechAngularJs\Photos\Orig,,http://gallowaytech.com/gallowaytechAngularJs/Photos/Orig/Show Begins.jpg,Orig,San Francisco Air Show,TRUE,6/4/2018 20:44,6/4/2018 22:27
247,40,3,Sky Writing by San Fran.jpg,Sky Writing by San Fran,gallowaytechAngularJs\Photos\Orig,,http://gallowaytech.com/gallowaytechAngularJs/Photos/Orig/Sky Writing by San Fran.jpg,Orig,San Francisco Air Show,TRUE,6/4/2018 20:44,6/4/2018 22:27
248,41,3,Coke by the Bay.jpg,Coke by the Bay,gallowaytechAngularJs\Photos\Orig,,http://gallowaytech.com/gallowaytechAngularJs/Photos/Orig/Coke by the Bay.jpg,Orig,San Francisco Air Show,TRUE,6/4/2018 20:44,6/4/2018 22:27
249,42,3,The Show Begins.jpg,The Show Begins,gallowaytechAngularJs\Photos\Orig,,http://gallowaytech.com/gallowaytechAngularJs/Photos/Orig/The Show Begins.jpg,Orig,San Francisco Air Show,TRUE,6/4/2018 20:44,6/4/2018 22:27
250,43,3,Aerial Loop.jpg,Aerial Loop,gallowaytechAngularJs\Photos\Orig,,http://gallowaytech.com/gallowaytechAngularJs/Photos/Orig/Aerial Loop.jpg,Orig,San Francisco Air Show,TRUE,6/4/2018 20:44,6/4/2018 22:27
251,44,3,In Formation.jpg,In Formation,gallowaytechAngularJs\Photos\Orig,,http://gallowaytech.com/gallowaytechAngularJs/Photos/Orig/In Formation.jpg,Orig,San Francisco Air Show,TRUE,6/4/2018 20:44,6/4/2018 22:27
252,45,3,In Formation Upside Down.jpg,In Formation Upside Down,gallowaytechAngularJs\Photos\Orig,,http://gallowaytech.com/gallowaytechAngularJs/Photos/Orig/In Formation Upside Down.jpg,Orig,San Francisco Air Show,TRUE,6/4/2018 20:44,6/4/2018 22:27
253,46,3,In Formation with Smoke Trails.jpg,In Formation with Smoke Trails,gallowaytechAngularJs\Photos\Orig,,http://gallowaytech.com/gallowaytechAngularJs/Photos/Orig/In Formation with Smoke Trails.jpg,Orig,San Francisco Air Show,TRUE,6/4/2018 20:44,6/4/2018 22:27
254,47,3,In Formation with Smoke Trails 2.jpg,In Formation with Smoke Trails 2,gallowaytechAngularJs\Photos\Orig,,http://gallowaytech.com/gallowaytechAngularJs/Photos/Orig/In Formation with Smoke Trails 2.jpg,Orig,San Francisco Air Show,TRUE,6/4/2018 20:44,6/4/2018 22:27
255,48,3,In Formation with Smoke Trails 3.jpg,In Formation with Smoke Trails 3,gallowaytechAngularJs\Photos\Orig,,http://gallowaytech.com/gallowaytechAngularJs/Photos/Orig/In Formation with Smoke Trails 3.jpg,Orig,San Francisco Air Show,TRUE,6/4/2018 20:44,6/4/2018 22:27
256,49,3,B-2 Stealth Bomber.jpg,B-2 Stealth Bomber,gallowaytechAngularJs\Photos\Orig,,http://gallowaytech.com/gallowaytechAngularJs/Photos/Orig/B-2 Stealth Bomber.jpg,Orig,San Francisco Air Show,TRUE,6/4/2018 20:44,6/4/2018 22:27
257,50,3,Canadian Snow Birds in Formation over Alcatraz.jpg,Canadian Snow Birds in Formation over Alcatraz,gallowaytechAngularJs\Photos\Orig,,http://gallowaytech.com/gallowaytechAngularJs/Photos/Orig/Canadian Snow Birds in Formation over Alcatraz.jpg,Orig,San Francisco Air Show,TRUE,6/4/2018 20:44,6/4/2018 22:27
258,51,3,Aerial Loop in Formation.jpg,Aerial Loop in Formation,gallowaytechAngularJs\Photos\Orig,,http://gallowaytech.com/gallowaytechAngularJs/Photos/Orig/Aerial Loop in Formation.jpg,Orig,San Francisco Air Show,TRUE,6/4/2018 20:44,6/4/2018 22:27
259,52,3,Aerial Loop in Formation 2.jpg,Aerial Loop in Formation 2,gallowaytechAngularJs\Photos\Orig,,http://gallowaytech.com/gallowaytechAngularJs/Photos/Orig/Aerial Loop in Formation 2.jpg,Orig,San Francisco Air Show,TRUE,6/4/2018 20:44,6/4/2018 22:27
260,53,3,Aerial Loop in Formation 3.jpg,Aerial Loop in Formation 3,gallowaytechAngularJs\Photos\Orig,,http://gallowaytech.com/gallowaytechAngularJs/Photos/Orig/Aerial Loop in Formation 3.jpg,Orig,San Francisco Air Show,TRUE,6/4/2018 20:44,6/4/2018 22:27
261,54,3,Blue Angel Passing Over Our Ship.jpg,Blue Angel Passing Over Our Ship,gallowaytechAngularJs\Photos\Orig,,http://gallowaytech.com/gallowaytechAngularJs/Photos/Orig/Blue Angel Passing Over Our Ship.jpg,Orig,San Francisco Air Show,TRUE,6/4/2018 20:44,6/4/2018 22:27
262,55,3,Blue Angel Passing Over Our Ship 2.jpg,Blue Angel Passing Over Our Ship 2,gallowaytechAngularJs\Photos\Orig,,http://gallowaytech.com/gallowaytechAngularJs/Photos/Orig/Blue Angel Passing Over Our Ship 2.jpg,Orig,San Francisco Air Show,TRUE,6/4/2018 20:44,6/4/2018 22:27
263,56,3,Blue Angels Passing Over Our Ship.jpg,Blue Angels Passing Over Our Ship,gallowaytechAngularJs\Photos\Orig,,http://gallowaytech.com/gallowaytechAngularJs/Photos/Orig/Blue Angels Passing Over Our Ship.jpg,Orig,San Francisco Air Show,TRUE,6/4/2018 20:44,6/4/2018 22:27
264,57,3,Shows Over.jpg,Shows Over,gallowaytechAngularJs\Photos\Orig,,http://gallowaytech.com/gallowaytechAngularJs/Photos/Orig/Shows Over.jpg,Orig,San Francisco Air Show,TRUE,6/4/2018 20:44,6/4/2018 22:27
265,58,4,Welcome to Death Valley.jpg,Welcome to Death Valley,gallowaytechAngularJs\Photos\Orig,,http://gallowaytech.com/gallowaytechAngularJs/Photos/Orig/Welcome to Death Valley.jpg,Orig,Death Valley,TRUE,6/4/2018 20:44,6/4/2018 22:27
266,59,4,First Stop - Badlands.jpg,First Stop - Badlands,gallowaytechAngularJs\Photos\Orig,,http://gallowaytech.com/gallowaytechAngularJs/Photos/Orig/First Stop - Badlands.jpg,Orig,Death Valley,TRUE,6/4/2018 20:44,6/4/2018 22:27
267,60,4,Badlands One.jpg,Badlands One,gallowaytechAngularJs\Photos\Orig,,http://gallowaytech.com/gallowaytechAngularJs/Photos/Orig/Badlands One.jpg,Orig,Death Valley,TRUE,6/4/2018 20:44,6/4/2018 22:27
268,61,4,Badlands Two.jpg,Badlands Two,gallowaytechAngularJs\Photos\Orig,,http://gallowaytech.com/gallowaytechAngularJs/Photos/Orig/Badlands Two.jpg,Orig,Death Valley,TRUE,6/4/2018 20:44,6/4/2018 22:27
269,62,4,Badlands Three.jpg,Badlands Three,gallowaytechAngularJs\Photos\Orig,,http://gallowaytech.com/gallowaytechAngularJs/Photos/Orig/Badlands Three.jpg,Orig,Death Valley,TRUE,6/4/2018 20:44,6/4/2018 22:27
270,63,4,Badlands Four.jpg,Badlands Four,gallowaytechAngularJs\Photos\Orig,,http://gallowaytech.com/gallowaytechAngularJs/Photos/Orig/Badlands Four.jpg,Orig,Death Valley,TRUE,6/4/2018 20:44,6/4/2018 22:27
271,64,4,Badlands Parking Lot.jpg,Badlands Parking Lot,gallowaytechAngularJs\Photos\Orig,,http://gallowaytech.com/gallowaytechAngularJs/Photos/Orig/Badlands Parking Lot.jpg,Orig,Death Valley,TRUE,6/4/2018 20:44,6/4/2018 22:27
272,65,4,Zabriskie Point.jpg,Zabriskie Point,gallowaytechAngularJs\Photos\Orig,,http://gallowaytech.com/gallowaytechAngularJs/Photos/Orig/Zabriskie Point.jpg,Orig,Death Valley,TRUE,6/4/2018 20:44,6/4/2018 22:27
273,66,4,Zabriskie Point One.jpg,Zabriskie Point One,gallowaytechAngularJs\Photos\Orig,,http://gallowaytech.com/gallowaytechAngularJs/Photos/Orig/Zabriskie Point One.jpg,Orig,Death Valley,TRUE,6/4/2018 20:44,6/4/2018 22:27
274,67,4,Zabriskie Point Two.jpg,Zabriskie Point Two,gallowaytechAngularJs\Photos\Orig,,http://gallowaytech.com/gallowaytechAngularJs/Photos/Orig/Zabriskie Point Two.jpg,Orig,Death Valley,TRUE,6/4/2018 20:44,6/4/2018 22:27
275,68,4,Zabriskie Point Thumb.jpg,Zabriskie Point Thumb,gallowaytechAngularJs\Photos\Orig,,http://gallowaytech.com/gallowaytechAngularJs/Photos/Orig/Zabriskie Point Thumb.jpg,Orig,Death Valley,TRUE,6/4/2018 20:44,6/4/2018 22:27
276,69,4,Driving.jpg,Driving,gallowaytechAngularJs\Photos\Orig,,http://gallowaytech.com/gallowaytechAngularJs/Photos/Orig/Driving.jpg,Orig,Death Valley,TRUE,6/4/2018 20:44,6/4/2018 22:27
